event_a,event_b,Column3,prob_b_given_a,pair seen x times,Insgesamt: die Dauer,comments
(m_gaze_at),(mother-speech),,0.882,8,1875105.00,
(mo_smile),(mother-speech),,0.857,5,1289596.00,
(i_gaze_at),(mother-speech),,0.836,10,1792532.00,
"(m_gaze_at, mo_smile)",(mother-speech),,0.78,4,770215.00,
"(m_gaze_at, i_gaze_at)",(mother-speech),,0.682,6,988848.00,
(i_gaze_at),(m_gaze_at),,0.645,265,1383691.00,
"(mother-speech, i_gaze_at)",(m_gaze_at),,0.644,262,1375068.00,
(i_gaze_at),"(mother-speech,",m_gaze_at),0.642,265,1377368.00,
"(mo_smile, i_gaze_at)",(m_gaze_at),,0.629,108,579072.00,
"(mother-speech, mo_smile, i_gaze_at)",(m_gaze_at),,0.628,107,576674.00,
(m_gaze_at),(i_gaze_at),,0.627,139,1333785.00,
"(mo_smile, i_gaze_at)","(mother-speech,",m_gaze_at),0.626,108,576884.00,
"(mother-speech, m_gaze_at)",(i_gaze_at),,0.625,139,1326682.00,
(m_gaze_at),"(mother-speech,",i_gaze_at),0.625,142,1328982.00,
"(mother-speech, mo_smile, m_gaze_away, i_gaze_away)",(inf_smile),,0.607,1,13555.00,
"(mo_smile, m_gaze_away, i_gaze_away)",(inf_smile),,0.607,1,13555.00,
"(mo_smile, m_gaze_away, i_gaze_away)","(mother-speech,",inf_smile),0.607,1,13555.00,
"(mother-speech, m_gaze_at, mo_smile)",(i_gaze_at),,0.575,65,565782.00,
"(m_gaze_at, mo_smile)",(i_gaze_at),,0.575,65,567219.00,
"(m_gaze_at, mo_smile)","(mother-speech,",i_gaze_at),0.573,66,565992.00,
"(mother-speech, mo_smile)",(m_gaze_at),,0.568,179,851451.00,
(mo_smile),(m_gaze_at),,0.567,180,853848.00,
(mo_smile),"(mother-speech,",m_gaze_at),0.566,180,851661.00,
(mother-speech),(i_gaze_at),,0.54,258,2129376.00,
"(mother-speech, m_gaze_away, i_gaze_away)",(inf_smile),,0.539,1,14876.00,
"(m_gaze_away, i_gaze_away)","(mother-speech,",inf_smile),0.539,1,14876.00,
"(m_gaze_away, i_gaze_away)",(inf_smile),,0.539,1,14876.00,
"(mother-speech, mo_smile)",(i_gaze_at),,0.539,93,808096.00,
(mo_smile),(i_gaze_at),,0.538,94,810653.00,
(mo_smile),"(mother-speech,",i_gaze_at),0.537,94,808306.00,
(mother-speech),(m_gaze_at),,0.536,498,2117016.00,
(inf_smile),(mother-speech),,0.533,3,596888.00,
"(mother-speech, i_gaze_at, inf_smile)",(m_gaze_at),,0.521,56,304521.00,
"(i_gaze_at, inf_smile)","(mother-speech,",m_gaze_at),0.521,56,304521.00,
"(i_gaze_at, inf_smile)",(m_gaze_at),,0.521,56,304521.00,
"(mo_smile, i_gaze_at, inf_smile)","(mother-speech,",m_gaze_at),0.514,35,167487.00,
"(mo_smile, i_gaze_at, inf_smile)",(m_gaze_at),,0.514,35,167487.00,
"(mother-speech, mo_smile, i_gaze_at, inf_smile)",(m_gaze_at),,0.514,35,167487.00,
"(mo_smile, i_gaze_at)",(mother-speech),,0.507,4,467367.00,
(m_gaze_away),(mo_smile),,0.507,6,40918.00,
"(mother-speech, m_gaze_away, i_gaze_at_object)",(mo_smile),,0.5,2,7573.00,
"(m_gaze_away, i_gaze_at_object)",(mo_smile),,0.5,2,7573.00,
"(m_gaze_away, i_gaze_at_object)","(mother-speech,",mo_smile),0.5,2,7573.00,
"(m_gaze_at, i_gaze_at, i_gaze_away)",(inf_smile),,0.5,1,0.04,
"(m_gaze_at, i_gaze_at, i_gaze_away)","(mother-speech,",inf_smile),0.5,1,0.04,
"(mother-speech, m_gaze_at, i_gaze_at, i_gaze_away)",(inf_smile),,0.5,1,0.04,
"(mother-speech, i_gaze_at, i_gaze_away)",(inf_smile),,0.5,1,0.08,
"(i_gaze_at, i_gaze_away)",(inf_smile),,0.5,1,0.08,
"(i_gaze_at, i_gaze_away)","(mother-speech,",inf_smile),0.5,1,0.08,
"(i_gaze_at, inf_smile, i_gaze_away)",(m_gaze_at_obje,ct),0.5,1,0.04,
"(i_gaze_at, inf_smile, i_gaze_away)","(mother-speech,",m_gaze_at_object),0.5,1,0.04,
"(mother-speech, i_gaze_at, inf_smile, i_gaze_away)",(m_gaze_at_obje,ct),0.5,1,0.04,
"(mother-speech, mo_smile, inf_smile)",(i_gaze_at),,0.497,26,251455.00,
"(mo_smile, inf_smile)",(i_gaze_at),,0.495,26,251455.00,
"(mo_smile, inf_smile)","(mother-speech,",i_gaze_at),0.495,26,251455.00,
"(mother-speech, m_gaze_away)",(mo_smile),,0.494,5,38518.00,
(i_gaze_at_object),(m_gaze_at_obje,ct),0.492,107,435268.00,
(i_gaze_at_object),"(mother-speech,",m_gaze_at_object),0.492,107,435268.00,
"(mother-speech, i_gaze_at_object)",(m_gaze_at_obje,ct),0.492,107,435268.00,
"(mother-speech, m_gaze_away, i_gaze_away)","(mo_smile, inf_",smile),0.491,1,13555.00,
"(m_gaze_away, i_gaze_away)","(mother-speech,","mo_smile, inf_smile)",0.491,1,13555.00,
"(m_gaze_away, i_gaze_away)","(mo_smile, inf_",smile),0.491,1,13555.00,
"(mother-speech, m_gaze_at, inf_smile)",(i_gaze_at),,0.483,38,300846.00,
"(m_gaze_at, inf_smile)","(mother-speech,",i_gaze_at),0.483,38,300846.00,
"(m_gaze_at, inf_smile)",(i_gaze_at),,0.483,38,300846.00,
"(m_gaze_at, mo_smile, inf_smile)","(mother-speech,",i_gaze_at),0.477,20,167815.00,
"(m_gaze_at, mo_smile, inf_smile)",(i_gaze_at),,0.477,20,167815.00,
"(mother-speech, m_gaze_at, mo_smile, inf_smile)",(i_gaze_at),,0.477,20,167815.00,
(m_gaze_away),"(mother-speech,",mo_smile),0.477,5,38518.00,
(m_gaze_away),(inf_smile),,0.476,2,38.45,
"(mother-speech, mo_smile, inf_smile)",(m_gaze_at),,0.471,51,238037.00,
"(mo_smile, inf_smile)",(m_gaze_at),,0.468,51,238037.00,
"(mo_smile, inf_smile)","(mother-speech,",m_gaze_at),0.468,51,238037.00,
"(mother-speech, m_gaze_away)",(inf_smile),,0.463,2,36.05,
"(mother-speech, mo_smile, m_gaze_away)",(inf_smile),,0.449,1,20.32,
(m_gaze_at_object),(mother-speech),,0.448,4,696128.00,
"(mother-speech, m_gaze_at, inf_smile)",(mo_smile),,0.446,81,278099.00,
"(m_gaze_at, inf_smile)","(mother-speech,",mo_smile),0.446,81,278099.00,
"(m_gaze_at, inf_smile)",(mo_smile),,0.446,81,278099.00,
(m_gaze_away),"(mother-speech,",inf_smile),0.446,2,36.05,
"(mother-speech, i_gaze_at, inf_smile)",(mo_smile),,0.446,64,260658.00,
"(i_gaze_at, inf_smile)","(mother-speech,",mo_smile),0.446,64,260658.00,
"(i_gaze_at, inf_smile)",(mo_smile),,0.446,64,260658.00,
"(mother-speech, mo_smile, m_gaze_away)",(i_gaze_away),,0.446,2,20.16,
(m_gaze_away),(mother-speech),,0.443,1,35773.00,
"(m_gaze_at, i_gaze_at, m_gaze_at_object)",(infant_voc),,0.437,1,0.454,
"(m_gaze_at, i_gaze_at, m_gaze_at_object)","(mother-speech,",infant_voc),0.437,1,0.454,
"(mother-speech, m_gaze_at, i_gaze_at, m_gaze_at_object)",(infant_voc),,0.437,1,0.454,
"(inf_smile, m_gaze_at_object)",(mother-speech),,0.435,2,172446.00,
"(mo_smile, m_gaze_away)","(mother-speech,",inf_smile),0.426,1,20.32,
"(mo_smile, m_gaze_away)",(inf_smile),,0.426,1,20.32,
"(mother-speech, m_gaze_at)",(mo_smile),,0.424,276,900596.00,
(m_gaze_at),(mo_smile),,0.424,278,902587.00,
(m_gaze_at),"(mother-speech,",mo_smile),0.424,278,902129.00,
"(mother-speech, inf_smile)",(m_gaze_at),,0.423,119,472854.00,
"(mo_smile, m_gaze_away)","(mother-speech,",i_gaze_away),0.423,2,20.16,
"(mo_smile, m_gaze_away)",(i_gaze_away),,0.423,2,20.16,
(inf_smile),(m_gaze_at),,0.422,119,472854.00,
(inf_smile),"(mother-speech,",m_gaze_at),0.422,119,472854.00,
"(m_gaze_at, i_gaze_at, inf_smile)","(mother-speech,",mo_smile),0.422,52,174827.00,
"(m_gaze_at, i_gaze_at, inf_smile)",(mo_smile),,0.422,52,174827.00,RQA
"(mother-speech, m_gaze_at, i_gaze_at, inf_smile)",(mo_smile),,0.422,52,174827.00,
"(mother-speech, inf_smile)",(i_gaze_at),,0.421,68,470051.00,
"(mother-speech, m_gaze_at, i_gaze_at)",(mo_smile),,0.42,198,606843.00,RQA
"(m_gaze_at, i_gaze_at)",(mo_smile),,0.42,200,608834.00,RQA
(inf_smile),(i_gaze_at),,0.42,68,470051.00,
(inf_smile),"(mother-speech,",i_gaze_at),0.42,68,470051.00,
"(m_gaze_at, i_gaze_at)","(mother-speech,",mo_smile),0.419,200,608376.00,
"(i_gaze_at, m_gaze_at_object)",(mother-speech),,0.414,3,258281.00,
"(m_gaze_at, mo_smile, i_gaze_at)",(mother-speech),,0.411,3,290.42,
(mo_smile),"(m_gaze_at, i_g",aze_at),0.407,170,613418.00,
"(mother-speech, mo_smile)","(m_gaze_at, i_g",aze_at),0.407,169,611021.00,
(mo_smile),"(mother-speech,","m_gaze_at, i_gaze_at)",0.406,170,611231.00,
"(mother-speech, m_gaze_at, m_gaze_at_object)",(infant_voc),,0.406,1,0.454,
"(mother-speech, m_gaze_at, m_gaze_at_object)","(i_gaze_at, inf",ant_voc),0.406,1,0.454,
"(m_gaze_at, m_gaze_at_object)","(mother-speech,","i_gaze_at, infant_voc)",0.406,1,0.454,
"(m_gaze_at, m_gaze_at_object)",(infant_voc),,0.406,1,0.454,
"(m_gaze_at, m_gaze_at_object)","(mother-speech,",infant_voc),0.406,1,0.454,
"(m_gaze_at, m_gaze_at_object)","(i_gaze_at, inf",ant_voc),0.406,1,0.454,
"(mother-speech, i_gaze_at)",(mo_smile),,0.399,246,852087.00,
(i_gaze_at),(mo_smile),,0.399,248,855038.00,
(i_gaze_at),"(mother-speech,",mo_smile),0.398,248,853.62,
(inf_smile),(mo_smile),,0.394,108,441536.00,
"(mother-speech, inf_smile)",(mo_smile),,0.393,107,439016.00,
(mother-speech),(m_gaze_at_obje,ct),0.392,485,1549457.00,
(inf_smile),"(mother-speech,",mo_smile),0.392,107,439016.00,
"(mother-speech, mo_smile, inf_smile, m_gaze_at_object)",(i_gaze_at),,0.386,5,33556.00,
"(mo_smile, inf_smile, m_gaze_at_object)","(mother-speech,",i_gaze_at),0.386,5,33556.00,
"(mo_smile, inf_smile, m_gaze_at_object)",(i_gaze_at),,0.386,5,33556.00,
"(inf_smile, i_gaze_at_object)","(mother-speech,",m_gaze_at_object),0.38,12,38.81,
"(inf_smile, i_gaze_at_object)",(m_gaze_at_obje,ct),0.38,12,38.81,
"(mother-speech, inf_smile, i_gaze_at_object)",(m_gaze_at_obje,ct),0.38,12,38.81,
"(m_gaze_at, inf_smile, i_gaze_away)",(mo_smile),,0.38,8,29897.00,
"(m_gaze_at, inf_smile, i_gaze_away)","(mother-speech,",mo_smile),0.38,8,29897.00,
"(mother-speech, m_gaze_at, inf_smile, i_gaze_away)",(mo_smile),,0.38,8,29897.00,
(mother-speech),(mo_smile),,0.379,400,1497042.00,
"(mother-speech, i_gaze_at, infant_voc, inf_smile)",(m_gaze_at),,0.373,7,42915.00,
"(i_gaze_at, infant_voc, inf_smile)",(m_gaze_at),,0.373,7,42915.00,
"(i_gaze_at, infant_voc, inf_smile)","(mother-speech,",m_gaze_at),0.373,7,42915.00,
"(mother-speech, m_gaze_away, infant_voc)",(inf_smile),,0.371,1,2076.00,
"(m_gaze_away, infant_voc)",(inf_smile),,0.371,1,2076.00,
"(m_gaze_away, infant_voc)","(mother-speech,",inf_smile),0.371,1,2076.00,
(i_gaze_away),(m_gaze_at_obje,ct),0.371,68,200884.00,
(i_gaze_away),"(mother-speech,",m_gaze_at_object),0.371,68,200884.00,
"(mother-speech, i_gaze_away)",(m_gaze_at_obje,ct),0.371,68,200884.00,
(mother-speech),"(m_gaze_at, i_g",aze_at),0.365,396,1439976.00,
(i_gaze_away),(m_gaze_at),,0.36,73,194.85,
(i_gaze_away),"(mother-speech,",m_gaze_at),0.36,73,194.85,
"(mother-speech, i_gaze_away)",(m_gaze_at),,0.36,73,194.85,
"(mother-speech, mo_smile, inf_smile)","(m_gaze_at, i_g",aze_at),0.359,54,181488.00,
"(mo_smile, inf_smile)","(mother-speech,","m_gaze_at, i_gaze_at)",0.357,54,181488.00,
"(mo_smile, inf_smile)","(m_gaze_at, i_g",aze_at),0.357,54,181488.00,
"(mother-speech, i_gaze_at, infant_voc)",(m_gaze_at),,0.353,22,78455.00,
"(i_gaze_at, infant_voc)","(mother-speech,",m_gaze_at),0.352,22,78455.00,
"(i_gaze_at, infant_voc)",(m_gaze_at),,0.352,22,78455.00,
"(m_gaze_at, inf_smile)",(mother-speech),,0.34,1,211801.00,
"(mother-speech, m_gaze_at, i_gaze_at_object)",(mo_smile),,0.327,32,90036.00,
"(m_gaze_at, i_gaze_at_object)","(mother-speech,",mo_smile),0.327,32,90036.00,
"(m_gaze_at, i_gaze_at_object)",(mo_smile),,0.327,32,90036.00,
"(mother-speech, i_gaze_at, inf_smile)","(m_gaze_at, mo_",smile),0.323,87,188638.00,
"(i_gaze_at, inf_smile)","(mother-speech,","m_gaze_at, mo_smile)",0.323,87,188638.00,
"(i_gaze_at, inf_smile)","(m_gaze_at, mo_",smile),0.323,87,188638.00,
(m_gaze_at_object),(i_gaze_at),,0.321,104,498776.00,
"(mother-speech, m_gaze_at, infant_voc)",(i_gaze_at),,0.32,12,74371.00,
"(mother-speech, m_gaze_at_object)",(i_gaze_at),,0.32,104,496972.00,
(m_gaze_at_object),"(mother-speech,",i_gaze_at),0.32,106,497916.00,
"(inf_smile, i_gaze_away)","(mother-speech,",mo_smile),0.32,9,50416.00,
"(inf_smile, i_gaze_away)",(mo_smile),,0.32,9,50416.00,
"(mother-speech, inf_smile, i_gaze_away)",(mo_smile),,0.32,9,50416.00,
"(m_gaze_at, infant_voc)","(mother-speech,",i_gaze_at),0.319,12,74371.00,
"(m_gaze_at, infant_voc)",(i_gaze_at),,0.319,12,74371.00,
"(mo_smile, i_gaze_at)","(mother-speech,",inf_smile),0.317,124,292334.00,
"(mother-speech, mo_smile, i_gaze_at)",(inf_smile),,0.317,123,291241.00,
"(mo_smile, i_gaze_at)",(inf_smile),,0.316,123,291241.00,
"(mother-speech, inf_smile)",(m_gaze_at_obje,ct),0.314,141,350667.00,
(inf_smile),(m_gaze_at_obje,ct),0.313,141,350889.00,
(inf_smile),"(mother-speech,",m_gaze_at_object),0.313,141,350667.00,
"(mother-speech, i_gaze_at)","(m_gaze_at, mo_",smile),0.313,304,668096.00,
(i_gaze_at),"(m_gaze_at, mo_",smile),0.313,307,671046.00,
(i_gaze_at),"(mother-speech,","m_gaze_at, mo_smile)",0.311,305,668306.00,
"(mother-speech, m_gaze_away, i_gaze_away)",(mo_smile),,0.311,1,8586.00,
"(m_gaze_away, i_gaze_away)","(mother-speech,",mo_smile),0.311,1,8586.00,
"(m_gaze_away, i_gaze_away)",(mo_smile),,0.311,1,8586.00,
(m_gaze_at),"(mo_smile, i_ga",ze_at),0.31,264,659194.00,
"(mother-speech, m_gaze_at)","(mo_smile, i_ga",ze_at),0.31,262,657204.00,
(m_gaze_at),"(mother-speech,","mo_smile, i_gaze_at)",0.309,263,657414.00,
"(mother-speech, m_gaze_away)",(i_gaze_away),,0.308,2,23997.00,
"(mother-speech, mo_smile, i_gaze_at, infant_voc)",(m_gaze_at),,0.305,9,29491.00,
"(mother-speech, mo_smile, m_gaze_away)","(inf_smile, i_g",aze_away),0.305,2,42960.00,
"(mo_smile, i_gaze_at, infant_voc)",(m_gaze_at),,0.304,9,29491.00,
"(mo_smile, i_gaze_at, infant_voc)","(mother-speech,",m_gaze_at),0.304,9,29491.00,
"(inf_smile, i_gaze_away)","(mother-speech,",m_gaze_at),0.303,22,47.7,
"(inf_smile, i_gaze_away)",(m_gaze_at),,0.303,22,47.7,
"(mother-speech, inf_smile, i_gaze_away)",(m_gaze_at),,0.303,22,47.7,
"(mother-speech, m_gaze_at, inf_smile)","(mo_smile, i_ga",ze_at),0.302,72,188319.00,
"(m_gaze_at, inf_smile)","(mother-speech,","mo_smile, i_gaze_at)",0.302,72,188319.00,
"(m_gaze_at, inf_smile)","(mo_smile, i_ga",ze_at),0.302,72,188319.00,
"(mother-speech, mo_smile)",(inf_smile),,0.297,158,446199.00,
(m_gaze_away),"(mother-speech,",i_gaze_away),0.297,2,23997.00,
(m_gaze_away),(i_gaze_away),,0.297,2,23997.00,
(mo_smile),"(mother-speech,",inf_smile),0.297,159,447292.00,
(mo_smile),(inf_smile),,0.296,158,446319.00,
(i_gaze_at_object),(mo_smile),,0.296,80,261475.00,
(i_gaze_at_object),"(mother-speech,",mo_smile),0.296,80,261475.00,
"(mother-speech, i_gaze_at_object)",(mo_smile),,0.296,80,261475.00,
"(mo_smile, i_gaze_at, infant_voc, inf_smile)",(m_gaze_at),,0.294,4,13607.00,
"(mo_smile, i_gaze_at, infant_voc, inf_smile)","(mother-speech,",m_gaze_at),0.294,4,13607.00,
"(mother-speech, mo_smile, i_gaze_at, infant_voc, inf_smile)",(m_gaze_at),,0.294,4,13607.00,
"(mo_smile, i_gaze_away)","(mother-speech,",m_gaze_at),0.294,22,50617.00,
"(mo_smile, i_gaze_away)",(m_gaze_at),,0.294,22,50617.00,
"(mother-speech, mo_smile, i_gaze_away)",(m_gaze_at),,0.294,22,50617.00,
"(mother-speech, inf_smile)","(m_gaze_at, i_g",aze_at),0.291,93,324813.00,
(inf_smile),"(mother-speech,","m_gaze_at, i_gaze_at)",0.29,93,324813.00,
(inf_smile),"(m_gaze_at, i_g",aze_at),0.29,93,324813.00,
"(mother-speech, m_gaze_at, mo_smile, i_gaze_at)",(inf_smile),,0.29,107,203912.00,
"(mother-speech, infant_voc)",(m_gaze_at),,0.29,49,115742.00,
"(mo_smile, m_gaze_away)","(mother-speech,","inf_smile, i_gaze_away)",0.289,2,42960.00,
"(mo_smile, m_gaze_away)","(inf_smile, i_g",aze_away),0.289,2,42960.00,
(infant_voc),(m_gaze_at),,0.289,49,115742.00,
(infant_voc),"(mother-speech,",m_gaze_at),0.289,49,115742.00,
"(m_gaze_at, mo_smile, i_gaze_at)",(inf_smile),,0.289,107,203912.00,
"(m_gaze_at, mo_smile, i_gaze_at)","(mother-speech,",inf_smile),0.289,107,203912.00,
"(mother-speech, mo_smile, inf_smile, i_gaze_away)",(m_gaze_at),,0.286,5,19438.00,
"(mo_smile, inf_smile, i_gaze_away)","(mother-speech,",m_gaze_at),0.286,5,19438.00,
"(mo_smile, inf_smile, i_gaze_away)",(m_gaze_at),,0.286,5,19438.00,
(m_gaze_away),"(mo_smile, inf_",smile),0.286,3,23126.00,
"(mother-speech, infant_voc, inf_smile)",(m_gaze_at),,0.286,13,38043.00,
"(infant_voc, inf_smile)",(m_gaze_at),,0.286,13,38043.00,
"(infant_voc, inf_smile)","(mother-speech,",m_gaze_at),0.286,13,38043.00,
"(mother-speech, m_gaze_at, mo_smile)",(inf_smile),,0.284,129,280219.00,
"(m_gaze_at, mo_smile)","(mother-speech,",inf_smile),0.284,129,280219.00,
"(m_gaze_at, mo_smile)",(inf_smile),,0.284,129,280219.00,
(mother-speech),(inf_smile),,0.282,401,1113754.00,
"(mother-speech, mo_smile, i_gaze_at_object)",(m_gaze_at),,0.281,37,85092.00,
"(mo_smile, i_gaze_at_object)","(mother-speech,",m_gaze_at),0.281,37,85092.00,
"(mo_smile, i_gaze_at_object)",(m_gaze_at),,0.281,37,85092.00,
"(mother-speech, m_gaze_at, mo_smile, infant_voc)",(i_gaze_at),,0.277,4,27581.00,
"(mother-speech, mo_smile, infant_voc)",(m_gaze_at),,0.277,13,36693.00,
"(mo_smile, m_gaze_at_object)","(mother-speech,",i_gaze_at),0.277,21,94483.00,
"(mo_smile, m_gaze_at_object)",(i_gaze_at),,0.277,21,94483.00,
"(mother-speech, mo_smile, m_gaze_at_object)",(i_gaze_at),,0.277,21,94483.00,
"(mo_smile, infant_voc)","(mother-speech,",m_gaze_at),0.277,13,36693.00,
"(mo_smile, infant_voc)",(m_gaze_at),,0.277,13,36693.00,
"(m_gaze_at, mo_smile, infant_voc)",(i_gaze_at),,0.276,4,27581.00,
"(m_gaze_at, mo_smile, infant_voc)","(mother-speech,",i_gaze_at),0.276,4,27581.00,
(i_gaze_at_object),(m_gaze_at),,0.275,113,243002.00,
(i_gaze_at_object),"(mother-speech,",m_gaze_at),0.275,113,243002.00,
"(mother-speech, i_gaze_at_object)",(m_gaze_at),,0.275,113,243002.00,
"(inf_smile, i_gaze_away)","(mother-speech,",m_gaze_at_object),0.273,24,43107.00,
"(inf_smile, i_gaze_away)",(m_gaze_at_obje,ct),0.273,24,43107.00,
"(mother-speech, inf_smile, i_gaze_away)",(m_gaze_at_obje,ct),0.273,24,43107.00,
"(mother-speech, mo_smile, infant_voc)",(i_gaze_at),,0.273,8,36085.00,
"(mo_smile, infant_voc)","(mother-speech,",i_gaze_at),0.272,8,36085.00,
"(mo_smile, infant_voc)",(i_gaze_at),,0.272,8,36085.00,
"(mo_smile, i_gaze_at, m_gaze_at_object)",(mother-speech),,0.271,1,44571.00,
"(mother-speech, m_gaze_at)",(inf_smile),,0.27,288,574292.00,
"(mother-speech, m_gaze_at, i_gaze_at, infant_voc, inf_smile)",(mo_smile),,0.27,10,18322.00,
"(m_gaze_at, i_gaze_at, infant_voc, inf_smile)",(mo_smile),,0.27,10,18322.00,
"(m_gaze_at, i_gaze_at, infant_voc, inf_smile)","(mother-speech,",mo_smile),0.27,10,18322.00,
(m_gaze_at),"(mother-speech,",inf_smile),0.27,289,574932.00,
(m_gaze_at),(inf_smile),,0.27,288,574292.00,
"(mother-speech, m_gaze_away)","(mo_smile, i_ga",ze_away),0.269,3,20991.00,
"(mother-speech, inf_smile)","(m_gaze_at, mo_",smile),0.268,132,299926.00,
"(mother-speech, m_gaze_at_object)",(i_gaze_at_obje,ct),0.268,89,415682.00,
(inf_smile),"(mother-speech,","m_gaze_at, mo_smile)",0.268,132,299926.00,
(inf_smile),"(m_gaze_at, mo_",smile),0.268,132,299926.00,
(m_gaze_at_object),(i_gaze_at_obje,ct),0.267,89,415682.00,
(m_gaze_at_object),"(mother-speech,",i_gaze_at_object),0.267,89,415682.00,
"(mother-speech, m_gaze_away)","(mo_smile, inf_",smile),0.266,2,20726.00,
"(mother-speech, mo_smile, infant_voc, inf_smile)",(m_gaze_at),,0.263,5,15972.00,
"(mo_smile, infant_voc, inf_smile)","(mother-speech,",m_gaze_at),0.263,5,15972.00,
"(mo_smile, infant_voc, inf_smile)",(m_gaze_at),,0.263,5,15972.00,
(i_gaze_at),(m_gaze_at_obje,ct),0.261,257,560706.00,
"(mother-speech, m_gaze_at, i_gaze_at)",(inf_smile),,0.261,227,377372.00,
"(mother-speech, i_gaze_at)",(m_gaze_at_obje,ct),0.261,254,556706.00,
"(mother-speech, i_gaze_at, infant_voc, inf_smile)",(mo_smile),,0.26,10,20.29,
"(i_gaze_at, infant_voc, inf_smile)",(mo_smile),,0.26,10,20.29,
"(i_gaze_at, infant_voc, inf_smile)","(mother-speech,",mo_smile),0.26,10,20.29,
"(m_gaze_at, i_gaze_at)","(mother-speech,",inf_smile),0.26,227,377372.00,
"(m_gaze_at, i_gaze_at)",(inf_smile),,0.26,227,377372.00,
(i_gaze_at),"(mother-speech,",m_gaze_at_object),0.26,256,557.65,
(m_gaze_away),"(mother-speech,","mo_smile, i_gaze_away)",0.26,3,20991.00,
(m_gaze_away),"(mo_smile, i_ga",ze_away),0.26,3,20991.00,
"(mo_smile, i_gaze_away)","(mother-speech,",inf_smile),0.26,10,44735.00,
"(mo_smile, i_gaze_away)",(inf_smile),,0.26,10,44735.00,
"(mother-speech, mo_smile, i_gaze_away)",(inf_smile),,0.26,10,44735.00,
"(mother-speech, i_gaze_at)",(inf_smile),,0.259,277,552668.00,
(i_gaze_at),"(mother-speech,",inf_smile),0.258,278,553761.00,
(i_gaze_at),(inf_smile),,0.257,277,552668.00,
(m_gaze_away),"(mother-speech,","mo_smile, inf_smile)",0.256,2,20726.00,
"(mother-speech, infant_voc)",(i_gaze_at),,0.256,22,102316.00,
(infant_voc),(i_gaze_at),,0.255,22,102316.00,
(infant_voc),"(mother-speech,",i_gaze_at),0.255,22,102316.00,
(i_gaze_away),(mo_smile),,0.254,40,137806.00,
(i_gaze_away),"(mother-speech,",mo_smile),0.254,40,137806.00,
"(mother-speech, i_gaze_away)",(mo_smile),,0.254,40,137806.00,
"(mother-speech, mo_smile, i_gaze_at_object)",(m_gaze_at_obje,ct),0.252,40,76149.00,
"(mo_smile, i_gaze_at_object)","(mother-speech,",m_gaze_at_object),0.252,40,76149.00,
"(mo_smile, i_gaze_at_object)",(m_gaze_at_obje,ct),0.252,40,76149.00,
"(mother-speech, i_gaze_at, infant_voc, inf_smile)","(m_gaze_at, mo_",smile),0.251,14,19546.00,
"(i_gaze_at, infant_voc, inf_smile)","(m_gaze_at, mo_",smile),0.251,14,19546.00,
"(i_gaze_at, infant_voc, inf_smile)","(mother-speech,","m_gaze_at, mo_smile)",0.251,14,19546.00,
"(mother-speech, m_gaze_at, infant_voc, inf_smile)",(mo_smile),,0.25,15,21525.00,
"(m_gaze_at, infant_voc, inf_smile)","(mother-speech,",mo_smile),0.25,15,21525.00,
"(m_gaze_at, infant_voc, inf_smile)",(mo_smile),,0.25,15,21525.00,
"(mother-speech, i_gaze_at, i_gaze_away)","(m_gaze_at, inf",_smile),0.25,1,0.04,
"(mother-speech, i_gaze_at, i_gaze_away)",(m_gaze_at_obje,ct),0.25,1,0.04,
"(mother-speech, i_gaze_at, i_gaze_away)","(inf_smile, m_g",aze_at_object),0.25,1,0.04,
"(i_gaze_at, i_gaze_away)","(mother-speech,","inf_smile, m_gaze_at_object)",0.25,1,0.04,
"(i_gaze_at, i_gaze_away)","(mother-speech,","m_gaze_at, inf_smile)",0.25,1,0.04,
"(i_gaze_at, i_gaze_away)","(m_gaze_at, inf",_smile),0.25,1,0.04,
"(i_gaze_at, i_gaze_away)",(m_gaze_at_obje,ct),0.25,1,0.04,
"(i_gaze_at, i_gaze_away)","(mother-speech,",m_gaze_at_object),0.25,1,0.04,
"(i_gaze_at, i_gaze_away)","(inf_smile, m_g",aze_at_object),0.25,1,0.04,
(mother-speech),"(m_gaze_at, mo_",smile),0.249,453,983365.00,
"(mother-speech, inf_smile)","(mo_smile, i_ga",ze_at),0.246,89,275298.00,
(inf_smile),"(mo_smile, i_ga",ze_at),0.246,89,275298.00,
(inf_smile),"(mother-speech,","mo_smile, i_gaze_at)",0.246,89,275298.00,
"(mother-speech, mo_smile, infant_voc, inf_smile)",(i_gaze_at),,0.243,3,14.81,
"(mo_smile, infant_voc, inf_smile)","(mother-speech,",i_gaze_at),0.243,3,14.81,
"(mo_smile, infant_voc, inf_smile)",(i_gaze_at),,0.243,3,14.81,
"(mother-speech, infant_voc, inf_smile)",(i_gaze_at),,0.242,6,32218.00,
"(infant_voc, inf_smile)",(i_gaze_at),,0.242,6,32218.00,
"(infant_voc, inf_smile)","(mother-speech,",i_gaze_at),0.242,6,32218.00,
"(mother-speech, m_gaze_at, i_gaze_away)",(mo_smile),,0.239,23,57736.00,
"(m_gaze_at, i_gaze_away)","(mother-speech,",mo_smile),0.239,23,57736.00,
"(m_gaze_at, i_gaze_away)",(mo_smile),,0.239,23,57736.00,
"(mo_smile, m_gaze_at_object)",(mother-speech),,0.239,1,81499.00,
"(mother-speech, inf_smile, m_gaze_at_object)",(i_gaze_at),,0.238,28,94525.00,
"(inf_smile, m_gaze_at_object)","(mother-speech,",i_gaze_at),0.238,28,94525.00,
"(inf_smile, m_gaze_at_object)",(i_gaze_at),,0.238,28,94525.00,
"(mother-speech, mo_smile, i_gaze_at)","(m_gaze_at, inf",_smile),0.237,142,217723.00,
"(mo_smile, i_gaze_at)","(mother-speech,","m_gaze_at, inf_smile)",0.236,142,217723.00,
"(mo_smile, i_gaze_at)","(m_gaze_at, inf",_smile),0.236,142,217723.00,
(mother-speech),"(mo_smile, i_ga",ze_at),0.232,337,917085.00,
"(mother-speech, mo_smile, infant_voc)","(m_gaze_at, i_g",aze_at),0.23,12,30481.00,
"(mo_smile, infant_voc)","(mother-speech,","m_gaze_at, i_gaze_at)",0.23,12,30481.00,
"(mo_smile, infant_voc)","(m_gaze_at, i_g",aze_at),0.23,12,30481.00,
"(i_gaze_at, inf_smile, m_gaze_at_object)",(mo_smile),,0.225,9,32.47,
"(i_gaze_at, inf_smile, m_gaze_at_object)","(mother-speech,",mo_smile),0.225,9,32.47,
"(mother-speech, i_gaze_at, inf_smile, m_gaze_at_object)",(mo_smile),,0.225,9,32.47,
"(m_gaze_at, inf_smile, i_gaze_at_object)",(mo_smile),,0.225,5,42917.00,
"(m_gaze_at, inf_smile, i_gaze_at_object)","(mother-speech,",mo_smile),0.225,5,42917.00,
"(mother-speech, m_gaze_at, inf_smile, i_gaze_at_object)",(mo_smile),,0.225,5,42917.00,
"(mother-speech, mo_smile, infant_voc, inf_smile)","(m_gaze_at, i_g",aze_at),0.224,4,13607.00,
"(mo_smile, infant_voc, inf_smile)","(m_gaze_at, i_g",aze_at),0.224,4,13607.00,
"(mo_smile, infant_voc, inf_smile)","(mother-speech,","m_gaze_at, i_gaze_at)",0.224,4,13607.00,
(mother-speech),(i_gaze_at_obje,ct),0.223,163,883159.00,
(i_gaze_away),(inf_smile),,0.221,35,119.6,
(i_gaze_away),"(mother-speech,",inf_smile),0.221,35,119.6,
"(mother-speech, i_gaze_away)",(inf_smile),,0.221,35,119.6,
"(mo_smile, inf_smile, i_gaze_at_object)",(m_gaze_at),,0.22,5,7176.00,
"(mo_smile, inf_smile, i_gaze_at_object)","(mother-speech,",m_gaze_at),0.22,5,7176.00,
"(mother-speech, mo_smile, inf_smile, i_gaze_at_object)",(m_gaze_at),,0.22,5,7176.00,
"(mother-speech, infant_voc, inf_smile)","(m_gaze_at, i_g",aze_at),0.219,8,29144.00,
"(infant_voc, inf_smile)","(mother-speech,","m_gaze_at, i_gaze_at)",0.219,8,29144.00,
"(infant_voc, inf_smile)","(m_gaze_at, i_g",aze_at),0.219,8,29144.00,
"(mother-speech, m_gaze_at, mo_smile)","(i_gaze_at, inf",_smile),0.215,127,212.15,
"(mother-speech, m_gaze_at, infant_voc, inf_smile)",(i_gaze_at),,0.215,2,18491.00,
"(m_gaze_at, infant_voc, inf_smile)","(mother-speech,",i_gaze_at),0.215,2,18491.00,
"(m_gaze_at, infant_voc, inf_smile)",(i_gaze_at),,0.215,2,18491.00,
"(mother-speech, m_gaze_at, infant_voc, inf_smile)","(mo_smile, i_ga",ze_at),0.215,11,18.46,
"(m_gaze_at, infant_voc, inf_smile)","(mo_smile, i_ga",ze_at),0.215,11,18.46,
"(m_gaze_at, infant_voc, inf_smile)","(mother-speech,","mo_smile, i_gaze_at)",0.215,11,18.46,
"(m_gaze_at, mo_smile)","(mother-speech,","i_gaze_at, inf_smile)",0.215,127,212.15,
"(m_gaze_at, mo_smile)","(i_gaze_at, inf",_smile),0.215,127,212.15,
"(mother-speech, infant_voc, inf_smile)",(mo_smile),,0.211,16,28041.00,
"(infant_voc, inf_smile)",(mo_smile),,0.211,16,28041.00,
"(infant_voc, inf_smile)","(mother-speech,",mo_smile),0.211,16,28041.00,
"(mo_smile, i_gaze_at, m_gaze_at_object)","(mother-speech,",inf_smile),0.209,10,34337.00,
"(m_gaze_away, inf_smile)",(mo_smile),,0.206,2,9646.00,
(m_gaze_at_object),"(mother-speech,",inf_smile),0.206,99,320.9,
"(mother-speech, m_gaze_at_object)",(inf_smile),,0.206,97,319407.00,
(m_gaze_at_object),(inf_smile),,0.205,97,319628.00,
"(inf_smile, i_gaze_away)","(mother-speech,","m_gaze_at, mo_smile)",0.205,13,32349.00,
"(inf_smile, i_gaze_away)","(m_gaze_at, mo_",smile),0.205,13,32349.00,
"(mother-speech, inf_smile, i_gaze_away)","(m_gaze_at, mo_",smile),0.205,13,32349.00,
"(mother-speech, infant_voc)","(m_gaze_at, i_g",aze_at),0.203,33,81214.00,
(infant_voc),"(mother-speech,","m_gaze_at, i_gaze_at)",0.203,33,81214.00,
(infant_voc),"(m_gaze_at, i_g",aze_at),0.203,33,81214.00,
"(mother-speech, m_gaze_at, i_gaze_at, infant_voc)",(mo_smile),,0.202,21,35173.00,
"(mo_smile, i_gaze_at, m_gaze_at_object)",(inf_smile),,0.202,9,33244.00,
"(mother-speech, mo_smile, i_gaze_at, m_gaze_at_object)",(inf_smile),,0.202,9,33244.00,
"(m_gaze_at, i_gaze_at, infant_voc)",(mo_smile),,0.202,21,35173.00,
"(m_gaze_at, i_gaze_at, infant_voc)","(mother-speech,",mo_smile),0.202,21,35173.00,
"(mother-speech, mo_smile)",(m_gaze_at_obje,ct),0.201,203,302459.00,
"(mother-speech, mo_smile)","(m_gaze_at, inf",_smile),0.201,180,302046.00,
"(mother-speech, mo_smile)","(i_gaze_at, inf",_smile),0.201,149,301721.00,
(mo_smile),(m_gaze_at_obje,ct),0.201,203,302459.00,
(mo_smile),"(mother-speech,",m_gaze_at_object),0.201,203,302459.00,
(mo_smile),"(mother-speech,","m_gaze_at, inf_smile)",0.2,180,302046.00,
(mo_smile),"(m_gaze_at, inf",_smile),0.2,180,302046.00,
(mo_smile),"(mother-speech,","i_gaze_at, inf_smile)",0.2,149,301721.00,
(mo_smile),"(i_gaze_at, inf",_smile),0.2,149,301721.00,
"(mother-speech, m_gaze_at, mo_smile, i_gaze_at, infant_voc)",(inf_smile),,0.199,11,16735.00,
"(mother-speech, m_gaze_at, i_gaze_at, infant_voc)",(inf_smile),,0.198,27,34457.00,
"(m_gaze_at, mo_smile, i_gaze_at, infant_voc)",(inf_smile),,0.198,11,16735.00,
"(m_gaze_at, mo_smile, i_gaze_at, infant_voc)","(mother-speech,",inf_smile),0.198,11,16735.00,
"(m_gaze_at, i_gaze_at, infant_voc)",(inf_smile),,0.197,27,34457.00,
"(m_gaze_at, i_gaze_at, infant_voc)","(mother-speech,",inf_smile),0.197,27,34457.00,
"(mo_smile, m_gaze_at_object)",(i_gaze_at_obje,ct),0.196,27,67023.00,
"(mo_smile, m_gaze_at_object)","(mother-speech,",i_gaze_at_object),0.196,27,67023.00,
"(mother-speech, mo_smile, m_gaze_at_object)",(i_gaze_at_obje,ct),0.196,27,67023.00,
"(mother-speech, m_gaze_away)","(inf_smile, i_g",aze_away),0.194,2,15121.00,
"(mo_smile, i_gaze_away)","(mother-speech,",m_gaze_at_object),0.191,26,32908.00,
"(mo_smile, i_gaze_away)",(m_gaze_at_obje,ct),0.191,26,32908.00,
"(mother-speech, mo_smile, i_gaze_away)",(m_gaze_at_obje,ct),0.191,26,32908.00,
"(mother-speech, i_gaze_at, infant_voc)",(mo_smile),,0.191,23,42426.00,
"(mother-speech, mo_smile, i_gaze_at, infant_voc)",(inf_smile),,0.19,12,18382.00,
"(i_gaze_at, infant_voc)","(mother-speech,",mo_smile),0.19,23,42426.00,
"(i_gaze_at, infant_voc)",(mo_smile),,0.19,23,42426.00,
"(mo_smile, i_gaze_at, infant_voc)",(inf_smile),,0.189,12,18382.00,
"(mo_smile, i_gaze_at, infant_voc)","(mother-speech,",inf_smile),0.189,12,18382.00,
"(mo_smile, inf_smile, i_gaze_at_object)",(m_gaze_at_obje,ct),0.189,5,6173.00,
"(mo_smile, inf_smile, i_gaze_at_object)","(mother-speech,",m_gaze_at_object),0.189,5,6173.00,
"(mother-speech, mo_smile, inf_smile, i_gaze_at_object)",(m_gaze_at_obje,ct),0.189,5,6173.00,
"(mother-speech, i_gaze_at)","(m_gaze_at, inf",_smile),0.188,283,401478.00,
(m_gaze_away),"(mother-speech,","inf_smile, i_gaze_away)",0.187,2,15121.00,
(m_gaze_away),"(inf_smile, i_g",aze_away),0.187,2,15121.00,
(i_gaze_at),"(mother-speech,","m_gaze_at, inf_smile)",0.187,283,401478.00,
(i_gaze_at),"(m_gaze_at, inf",_smile),0.187,283,401478.00,
"(mother-speech, mo_smile, i_gaze_at, infant_voc)","(m_gaze_at, inf",_smile),0.186,15,17.96,
"(mo_smile, i_gaze_at, inf_smile)",(mother-speech),,0.185,1,60435.00,
"(mo_smile, i_gaze_at, infant_voc)","(mother-speech,","m_gaze_at, inf_smile)",0.185,15,17.96,
"(mo_smile, i_gaze_at, infant_voc)","(m_gaze_at, inf",_smile),0.185,15,17.96,
"(mother-speech, i_gaze_at, infant_voc)",(inf_smile),,0.184,33,41004.00,
"(mother-speech, m_gaze_at, infant_voc)",(mo_smile),,0.184,29,42733.00,
"(mother-speech, m_gaze_at)","(i_gaze_at, inf",_smile),0.184,265,390263.00,
"(i_gaze_at, infant_voc)","(mother-speech,",inf_smile),0.184,33,41004.00,
"(i_gaze_at, infant_voc)",(inf_smile),,0.184,33,41004.00,
"(m_gaze_at, infant_voc)","(mother-speech,",mo_smile),0.183,29,42733.00,
"(m_gaze_at, infant_voc)",(mo_smile),,0.183,29,42733.00,
(m_gaze_at),"(mother-speech,","i_gaze_at, inf_smile)",0.183,265,390263.00,
(m_gaze_at),"(i_gaze_at, inf",_smile),0.183,265,390263.00,
"(mother-speech, m_gaze_at, mo_smile, infant_voc)",(inf_smile),,0.181,11,18052.00,
"(mother-speech, i_gaze_at, inf_smile)",(m_gaze_at_obje,ct),0.181,64,105853.00,
"(i_gaze_at, inf_smile)","(mother-speech,",m_gaze_at_object),0.181,64,105853.00,
"(i_gaze_at, inf_smile)",(m_gaze_at_obje,ct),0.181,64,105853.00,
"(m_gaze_at, mo_smile, infant_voc)",(inf_smile),,0.181,11,18052.00,
"(m_gaze_at, mo_smile, infant_voc)","(mother-speech,",inf_smile),0.181,11,18052.00,
"(mother-speech, m_gaze_at, infant_voc)",(inf_smile),,0.181,29,41988.00,
"(mother-speech, inf_smile)","(m_gaze_at, mo_","smile, i_gaze_at)",0.181,106,201992.00,
(inf_smile),"(m_gaze_at, mo_","smile, i_gaze_at)",0.18,106,201992.00,
(inf_smile),"(mother-speech,","m_gaze_at, mo_smile, i_gaze_at)",0.18,106,201992.00,
"(m_gaze_at, infant_voc)","(mother-speech,",inf_smile),0.18,29,41988.00,
"(m_gaze_at, infant_voc)",(inf_smile),,0.18,29,41988.00,
(mother-speech),"(m_gaze_at, mo_","smile, i_gaze_at)",0.178,366,702442.00,
"(mo_smile, m_gaze_at_object)","(mother-speech,",inf_smile),0.177,17,60458.00,
"(mother-speech, mo_smile, infant_voc)",(inf_smile),,0.177,13,23446.00,
"(mother-speech, m_gaze_away)","(mo_smile, inf_","smile, i_gaze_away)",0.177,2,42960.00,
"(mo_smile, infant_voc)","(mother-speech,",inf_smile),0.177,13,23446.00,
"(mo_smile, infant_voc)",(inf_smile),,0.177,13,23446.00,
"(mo_smile, m_gaze_at_object)",(inf_smile),,0.174,16,59365.00,
"(mother-speech, mo_smile, m_gaze_at_object)",(inf_smile),,0.174,16,59365.00,
"(mother-speech, m_gaze_at, infant_voc, inf_smile, i_gaze_at_object)",(mo_smile),,0.174,1,0.328,
"(m_gaze_at, infant_voc, inf_smile, i_gaze_at_object)",(mo_smile),,0.174,1,0.328,
"(m_gaze_at, infant_voc, inf_smile, i_gaze_at_object)","(mother-speech,",mo_smile),0.174,1,0.328,
"(mother-speech, infant_voc, inf_smile)","(m_gaze_at, mo_",smile),0.174,20,23137.00,
"(infant_voc, inf_smile)","(mother-speech,","m_gaze_at, mo_smile)",0.174,20,23137.00,
"(infant_voc, inf_smile)","(m_gaze_at, mo_",smile),0.174,20,23137.00,
"(infant_voc, inf_smile, i_gaze_away)",(m_gaze_at_obje,ct),0.172,4,2009.00,
"(infant_voc, inf_smile, i_gaze_away)","(mother-speech,",m_gaze_at_object),0.172,4,2009.00,
"(mother-speech, infant_voc, inf_smile, i_gaze_away)",(m_gaze_at_obje,ct),0.172,4,2009.00,
"(mother-speech, infant_voc)",(inf_smile),,0.172,43,68685.00,
(infant_voc),(inf_smile),,0.171,43,68685.00,
(infant_voc),"(mother-speech,",inf_smile),0.171,43,68685.00,
(m_gaze_away),"(mother-speech,","mo_smile, inf_smile, i_gaze_away)",0.171,2,42960.00,
(m_gaze_away),"(mo_smile, inf_","smile, i_gaze_away)",0.171,2,42960.00,
"(mother-speech, i_gaze_at, infant_voc)","(m_gaze_at, inf",_smile),0.17,34,37788.00,
"(mother-speech, m_gaze_at, mo_smile, infant_voc)","(i_gaze_at, inf",_smile),0.17,12,16874.00,
"(i_gaze_at, infant_voc)","(mother-speech,","m_gaze_at, inf_smile)",0.169,34,37788.00,
"(i_gaze_at, infant_voc)","(m_gaze_at, inf",_smile),0.169,34,37788.00,
"(m_gaze_at, mo_smile, infant_voc)","(mother-speech,","i_gaze_at, inf_smile)",0.169,12,16874.00,
"(m_gaze_at, mo_smile, infant_voc)","(i_gaze_at, inf",_smile),0.169,12,16874.00,
"(mother-speech, infant_voc)",(m_gaze_at_obje,ct),0.168,41,67409.00,
(infant_voc),(m_gaze_at_obje,ct),0.168,41,67409.00,
(infant_voc),"(mother-speech,",m_gaze_at_object),0.168,41,67409.00,
"(mother-speech, i_gaze_at, infant_voc)","(m_gaze_at, mo_",smile),0.168,30,37388.00,
"(i_gaze_at, inf_smile)",(mother-speech),,0.168,1,98229.00,
"(i_gaze_at, infant_voc)","(m_gaze_at, mo_",smile),0.167,30,37388.00,
"(i_gaze_at, infant_voc)","(mother-speech,","m_gaze_at, mo_smile)",0.167,30,37388.00,
"(inf_smile, i_gaze_at_object)","(mother-speech,",mo_smile),0.161,10,16469.00,
"(inf_smile, i_gaze_at_object)",(mo_smile),,0.161,10,16469.00,
"(mother-speech, inf_smile, i_gaze_at_object)",(mo_smile),,0.161,10,16469.00,
(mother-speech),"(m_gaze_at, inf",_smile),0.157,407,622245.00,
"(i_gaze_at, m_gaze_at_object)","(mother-speech,",inf_smile),0.157,44,98182.00,
(mother-speech),"(i_gaze_at, m_g",aze_at_object),0.157,356,619279.00,
"(mother-speech, m_gaze_at, infant_voc)","(mo_smile, i_ga",ze_at),0.156,25,36301.00,
"(mother-speech, i_gaze_at, m_gaze_at_object)",(inf_smile),,0.156,43,97089.00,
"(mother-speech, mo_smile)",(i_gaze_at_obje,ct),0.156,71,234124.00,
"(mother-speech, infant_voc, inf_smile)","(mo_smile, i_ga",ze_at),0.156,13,20.75,
"(infant_voc, inf_smile)","(mother-speech,","mo_smile, i_gaze_at)",0.156,13,20.75,
"(infant_voc, inf_smile)","(mo_smile, i_ga",ze_at),0.156,13,20.75,
"(m_gaze_at, infant_voc)","(mother-speech,","mo_smile, i_gaze_at)",0.156,25,36301.00,
"(m_gaze_at, infant_voc)","(mo_smile, i_ga",ze_at),0.156,25,36301.00,
"(i_gaze_at, m_gaze_at_object)",(inf_smile),,0.155,43,97089.00,
(mo_smile),(i_gaze_at_obje,ct),0.155,71,234124.00,
(mo_smile),"(mother-speech,",i_gaze_at_object),0.155,71,234124.00,
"(mother-speech, m_gaze_at, i_gaze_at)","(mo_smile, inf_",smile),0.155,159,224417.00,
"(mother-speech, infant_voc)",(mo_smile),,0.155,36,62024.00,
"(mother-speech, m_gaze_at)","(mo_smile, inf_",smile),0.155,210,329489.00,
(infant_voc),(mo_smile),,0.155,36,62024.00,
(infant_voc),"(mother-speech,",mo_smile),0.155,36,62024.00,
(m_gaze_at),"(mother-speech,","mo_smile, inf_smile)",0.155,210,329489.00,
(m_gaze_at),"(mo_smile, inf_",smile),0.155,210,329489.00,
"(m_gaze_at, i_gaze_at)","(mother-speech,","mo_smile, inf_smile)",0.154,159,224417.00,
"(m_gaze_at, i_gaze_at)","(mo_smile, inf_",smile),0.154,159,224417.00,
"(mother-speech, i_gaze_at, m_gaze_at_object)",(mo_smile),,0.154,36,95516.00,
"(mother-speech, mo_smile, inf_smile)",(m_gaze_at_obje,ct),0.153,65,77761.00,
"(mother-speech, mo_smile, infant_voc)","(m_gaze_at, inf",_smile),0.153,16,20325.00,
"(mo_smile, infant_voc)","(mother-speech,","m_gaze_at, inf_smile)",0.153,16,20325.00,
"(mo_smile, infant_voc)","(m_gaze_at, inf",_smile),0.153,16,20325.00,
"(mother-speech, m_gaze_at_object)",(mo_smile),,0.153,80,237962.00,
"(i_gaze_at, m_gaze_at_object)","(mother-speech,",mo_smile),0.153,36,95516.00,
"(i_gaze_at, m_gaze_at_object)",(mo_smile),,0.153,36,95516.00,
"(mo_smile, inf_smile)",(m_gaze_at_obje,ct),0.153,65,77761.00,
"(mo_smile, inf_smile)","(mother-speech,",m_gaze_at_object),0.153,65,77761.00,
(m_gaze_at_object),(mo_smile),,0.153,80,237962.00,
(m_gaze_at_object),"(mother-speech,",mo_smile),0.153,80,237962.00,
"(mother-speech, mo_smile, i_gaze_at)",(m_gaze_at_obje,ct),0.151,125,139011.00,
"(mo_smile, i_gaze_at)","(mother-speech,",m_gaze_at_object),0.151,125,139011.00,
"(mo_smile, i_gaze_at)",(m_gaze_at_obje,ct),0.151,125,139011.00,
"(mother-speech, mo_smile)","(m_gaze_at, i_g","aze_at, inf_smile)",0.15,161,225823.00,
(mo_smile),"(mother-speech,","m_gaze_at, i_gaze_at, inf_smile)",0.15,161,225823.00,
(mo_smile),"(m_gaze_at, i_g","aze_at, inf_smile)",0.15,161,225823.00,
"(mother-speech, m_gaze_at, infant_voc)","(i_gaze_at, inf",_smile),0.149,29,34679.00,
"(mo_smile, inf_smile)",(mother-speech),,0.149,1,75858.00,
"(mo_smile, i_gaze_at, inf_smile)","(mother-speech,",m_gaze_at_object),0.149,41,48639.00,
"(mo_smile, i_gaze_at, inf_smile)",(m_gaze_at_obje,ct),0.149,41,48639.00,
"(mother-speech, mo_smile, i_gaze_at, inf_smile)",(m_gaze_at_obje,ct),0.149,41,48639.00,
"(mother-speech, infant_voc, inf_smile, i_gaze_at_object)",(mo_smile),,0.149,2,1403.00,
"(infant_voc, inf_smile, i_gaze_at_object)",(mo_smile),,0.149,2,1403.00,
"(infant_voc, inf_smile, i_gaze_at_object)","(mother-speech,",mo_smile),0.149,2,1403.00,
"(m_gaze_at, infant_voc)","(mother-speech,","i_gaze_at, inf_smile)",0.149,29,34679.00,
"(m_gaze_at, infant_voc)","(i_gaze_at, inf",_smile),0.149,29,34679.00,
"(m_gaze_at, i_gaze_at, inf_smile, m_gaze_at_object)",(infant_voc),,0.148,1,0.095,
"(m_gaze_at, i_gaze_at, inf_smile, m_gaze_at_object)","(mother-speech,",infant_voc),0.148,1,0.095,
"(mother-speech, m_gaze_at, i_gaze_at, inf_smile, m_gaze_at_object)",(infant_voc),,0.148,1,0.095,
"(mother-speech, i_gaze_at)","(mo_smile, inf_",smile),0.148,187,316177.00,
(mother-speech),"(i_gaze_at, inf",_smile),0.147,345,583496.00,
(i_gaze_at),"(mother-speech,","mo_smile, inf_smile)",0.147,187,316177.00,
(i_gaze_at),"(mo_smile, inf_",smile),0.147,187,316177.00,
"(mother-speech, infant_voc, inf_smile)","(m_gaze_at, mo_","smile, i_gaze_at)",0.147,14,19546.00,
"(infant_voc, inf_smile)","(mother-speech,","m_gaze_at, mo_smile, i_gaze_at)",0.147,14,19546.00,
"(infant_voc, inf_smile)","(m_gaze_at, mo_","smile, i_gaze_at)",0.147,14,19546.00,
"(mother-speech, mo_smile, infant_voc)","(i_gaze_at, inf",_smile),0.145,15,19224.00,
"(mo_smile, infant_voc)","(mother-speech,","i_gaze_at, inf_smile)",0.145,15,19224.00,
"(mo_smile, infant_voc)","(i_gaze_at, inf",_smile),0.145,15,19224.00,
"(mother-speech, m_gaze_away)",(i_gaze_at_obje,ct),0.143,1,11176.00,
"(mother-speech, mo_smile, infant_voc, i_gaze_away)",(m_gaze_at),,0.14,2,21186.00,
"(mo_smile, infant_voc, i_gaze_away)",(m_gaze_at),,0.14,2,21186.00,
"(mo_smile, infant_voc, i_gaze_away)","(mother-speech,",m_gaze_at),0.14,2,21186.00,
(m_gaze_away),(i_gaze_at_obje,ct),0.138,1,11176.00,
(m_gaze_away),"(mother-speech,",i_gaze_at_object),0.138,1,11176.00,
"(infant_voc, i_gaze_at_object)","(mother-speech,",m_gaze_at),0.138,9,7868.00,
"(infant_voc, i_gaze_at_object)",(m_gaze_at),,0.138,9,7868.00,
"(mother-speech, infant_voc, i_gaze_at_object)",(m_gaze_at),,0.138,9,7868.00,
(mother-speech),(i_gaze_away),,0.137,149,540.44,
"(mother-speech, m_gaze_away, inf_smile)",(mo_smile),,0.136,1,5975.00,
"(mother-speech, m_gaze_at, i_gaze_away)",(inf_smile),,0.136,20,32739.00,
"(m_gaze_at, i_gaze_away)","(mother-speech,",inf_smile),0.136,20,32739.00,
"(m_gaze_at, i_gaze_away)",(inf_smile),,0.136,20,32739.00,
"(mother-speech, mo_smile, infant_voc)","(m_gaze_at, i_g","aze_at, inf_smile)",0.136,15,17.96,
"(mo_smile, infant_voc)","(mother-speech,","m_gaze_at, i_gaze_at, inf_smile)",0.135,15,17.96,
"(mo_smile, infant_voc)","(m_gaze_at, i_g","aze_at, inf_smile)",0.135,15,17.96,
"(inf_smile, i_gaze_at_object)","(mother-speech,",m_gaze_at),0.135,11,13767.00,
"(inf_smile, i_gaze_at_object)",(m_gaze_at),,0.135,11,13767.00,
"(mother-speech, inf_smile, i_gaze_at_object)",(m_gaze_at),,0.135,11,13767.00,
"(m_gaze_at, i_gaze_at, inf_smile)","(mother-speech,",infant_voc),0.133,73,55481.00,
"(m_gaze_at, i_gaze_at, inf_smile)",(infant_voc),,0.133,73,55481.00,
"(mother-speech, m_gaze_at, i_gaze_at, inf_smile)",(infant_voc),,0.133,73,55481.00,
"(mother-speech, mo_smile, inf_smile, i_gaze_away)",(m_gaze_away),,0.133,1,9075.00,
"(mo_smile, inf_smile, i_gaze_away)","(mother-speech,",m_gaze_away),0.133,1,9075.00,
"(mo_smile, inf_smile, i_gaze_away)",(m_gaze_away),,0.133,1,9075.00,
"(m_gaze_at, inf_smile, m_gaze_at_object)","(mother-speech,","i_gaze_at, infant_voc)",0.131,1,0.095,
"(m_gaze_at, inf_smile, m_gaze_at_object)",(infant_voc),,0.131,1,0.095,
"(m_gaze_at, inf_smile, m_gaze_at_object)","(mother-speech,",infant_voc),0.131,1,0.095,
"(m_gaze_at, inf_smile, m_gaze_at_object)","(i_gaze_at, inf",ant_voc),0.131,1,0.095,
"(mother-speech, m_gaze_at, inf_smile, m_gaze_at_object)",(infant_voc),,0.131,1,0.095,
"(mother-speech, m_gaze_at, inf_smile, m_gaze_at_object)","(i_gaze_at, inf",ant_voc),0.131,1,0.095,
"(mother-speech, m_gaze_at_object)",(i_gaze_away),,0.131,56,203918.00,
(m_gaze_at_object),(i_gaze_away),,0.131,56,203918.00,
(m_gaze_at_object),"(mother-speech,",i_gaze_away),0.131,56,203918.00,
"(mother-speech, m_gaze_at_object, i_gaze_at_object)",(mo_smile),,0.131,28,66.3,
"(m_gaze_at_object, i_gaze_at_object)","(mother-speech,",mo_smile),0.131,28,66.3,
"(m_gaze_at_object, i_gaze_at_object)",(mo_smile),,0.131,28,66.3,
"(i_gaze_away, m_gaze_at_object)","(mother-speech,",inf_smile),0.131,13,33048.00,
"(i_gaze_away, m_gaze_at_object)",(inf_smile),,0.131,13,33048.00,
"(mother-speech, i_gaze_away, m_gaze_at_object)",(inf_smile),,0.131,13,33048.00,
"(mother-speech, m_gaze_at, i_gaze_at, infant_voc)","(mo_smile, inf_",smile),0.13,21,22675.00,
"(m_gaze_at, i_gaze_at, infant_voc)","(mother-speech,","mo_smile, inf_smile)",0.13,21,22675.00,
"(m_gaze_at, i_gaze_at, infant_voc)","(mo_smile, inf_",smile),0.13,21,22675.00,
"(mother-speech, m_gaze_at, i_gaze_away)","(mo_smile, inf_",smile),0.129,14,31257.00,
"(m_gaze_at, i_gaze_away)","(mother-speech,","mo_smile, inf_smile)",0.129,14,31257.00,
"(m_gaze_at, i_gaze_away)","(mo_smile, inf_",smile),0.129,14,31257.00,
(i_gaze_away),"(mother-speech,","m_gaze_at, mo_smile)",0.129,45,70063.00,
(i_gaze_away),"(m_gaze_at, mo_",smile),0.129,45,70063.00,
"(mother-speech, i_gaze_away)","(m_gaze_at, mo_",smile),0.129,45,70063.00,
"(mother-speech, infant_voc, i_gaze_away)",(m_gaze_at),,0.128,9,6431.00,
"(infant_voc, i_gaze_away)","(mother-speech,",m_gaze_at),0.128,9,6431.00,
"(infant_voc, i_gaze_away)",(m_gaze_at),,0.128,9,6431.00,
(mother-speech),(m_gaze_at_obje,"ct, i_gaze_at_object)",0.128,195,505279.00,
"(m_gaze_away, inf_smile)","(mother-speech,",mo_smile),0.128,1,5975.00,
(mother-speech),"(mo_smile, inf_",smile),0.128,264,505027.00,
"(m_gaze_away, i_gaze_at)",(mother-speech),,0.127,1,0.587,
"(mother-speech, inf_smile)",(i_gaze_away),,0.127,60,141991.00,
(inf_smile),(i_gaze_away),,0.126,60,141991.00,
(inf_smile),"(mother-speech,",i_gaze_away),0.126,60,141991.00,
"(infant_voc, i_gaze_at_object)","(mother-speech,",m_gaze_at_object),0.124,8,7099.00,
"(infant_voc, i_gaze_at_object)",(m_gaze_at_obje,ct),0.124,8,7099.00,
"(mother-speech, infant_voc, i_gaze_at_object)",(m_gaze_at_obje,ct),0.124,8,7099.00,
"(mother-speech, m_gaze_at, mo_smile, i_gaze_at, inf_smile)",(infant_voc),,0.123,40,30361.00,
"(m_gaze_at, mo_smile, i_gaze_at, inf_smile)",(infant_voc),,0.123,40,30361.00,
"(m_gaze_at, mo_smile, i_gaze_at, inf_smile)","(mother-speech,",infant_voc),0.123,40,30361.00,
(i_gaze_at_object),"(mother-speech,","m_gaze_at, mo_smile)",0.121,69,107554.00,
(i_gaze_at_object),"(m_gaze_at, mo_",smile),0.121,69,107554.00,
"(mother-speech, i_gaze_at_object)","(m_gaze_at, mo_",smile),0.121,69,107554.00,
"(mo_smile, i_gaze_away)","(mother-speech,","m_gaze_at, inf_smile)",0.12,11,20798.00,
"(mo_smile, i_gaze_away)","(m_gaze_at, inf",_smile),0.12,11,20798.00,
"(mother-speech, mo_smile, i_gaze_away)","(m_gaze_at, inf",_smile),0.12,11,20798.00,
"(mother-speech, infant_voc)","(m_gaze_at, inf",_smile),0.119,42,47701.00,
(infant_voc),"(mother-speech,","m_gaze_at, inf_smile)",0.119,42,47701.00,
(infant_voc),"(m_gaze_at, inf",_smile),0.119,42,47701.00,
"(mother-speech, infant_voc)","(m_gaze_at, mo_",smile),0.115,42,46.09,
"(mo_smile, i_gaze_at, inf_smile, m_gaze_at_object)",(mother-speech),,0.115,1,6418.00,
"(mother-speech, i_gaze_at, inf_smile)",(infant_voc),,0.115,95,67281.00,
"(i_gaze_at, inf_smile)","(mother-speech,",infant_voc),0.115,95,67281.00,
"(i_gaze_at, inf_smile)",(infant_voc),,0.115,95,67281.00,
(infant_voc),"(mother-speech,","m_gaze_at, mo_smile)",0.115,42,46.09,
(infant_voc),"(m_gaze_at, mo_",smile),0.115,42,46.09,
"(mother-speech, mo_smile, infant_voc, m_gaze_at_object)",(i_gaze_at),,0.115,3,2419.00,
"(mo_smile, infant_voc, m_gaze_at_object)",(i_gaze_at),,0.115,3,2419.00,
"(mo_smile, infant_voc, m_gaze_at_object)","(mother-speech,",i_gaze_at),0.115,3,2419.00,
"(mother-speech, inf_smile, m_gaze_at_object)",(mo_smile),,0.114,14,45212.00,
"(mother-speech, m_gaze_at, inf_smile)",(infant_voc),,0.114,109,71095.00,
"(m_gaze_at, inf_smile)","(mother-speech,",infant_voc),0.114,109,71095.00,
"(m_gaze_at, inf_smile)",(infant_voc),,0.114,109,71095.00,
"(inf_smile, m_gaze_at_object)","(mother-speech,",mo_smile),0.114,14,45212.00,
"(inf_smile, m_gaze_at_object)",(mo_smile),,0.114,14,45212.00,
"(m_gaze_at, mo_smile, i_gaze_away)",(inf_smile),,0.113,6,10151.00,
"(m_gaze_at, mo_smile, i_gaze_away)","(mother-speech,",inf_smile),0.113,6,10151.00,
"(mother-speech, m_gaze_at, mo_smile, i_gaze_away)",(inf_smile),,0.113,6,10151.00,
"(m_gaze_at, i_gaze_at)",(infant_voc),,0.113,235,164361.00,
"(mother-speech, m_gaze_at, i_gaze_at)",(infant_voc),,0.113,233,163557.00,
"(m_gaze_at, i_gaze_at)","(mother-speech,",infant_voc),0.112,233,163557.00,
"(mother-speech, mo_smile, inf_smile)",(i_gaze_away),,0.111,27,56551.00,
"(mo_smile, m_gaze_at_object)","(mother-speech,","i_gaze_at, inf_smile)",0.111,14,38043.00,
"(mo_smile, m_gaze_at_object)","(i_gaze_at, inf",_smile),0.111,14,38043.00,
"(mother-speech, mo_smile, m_gaze_at_object)","(i_gaze_at, inf",_smile),0.111,14,38043.00,
"(mother-speech, i_gaze_at)","(m_gaze_at, mo_","smile, inf_smile)",0.111,194,238228.00,
"(mother-speech, m_gaze_at, infant_voc)","(mo_smile, inf_",smile),0.111,26,25878.00,
"(mother-speech, infant_voc)","(mo_smile, i_ga",ze_at),0.111,31,44476.00,
"(mo_smile, inf_smile)",(i_gaze_away),,0.111,27,56551.00,
"(mo_smile, inf_smile)","(mother-speech,",i_gaze_away),0.111,27,56551.00,
"(mother-speech, i_gaze_at, infant_voc)","(mo_smile, inf_",smile),0.111,22,24704.00,
(infant_voc),"(mo_smile, i_ga",ze_at),0.111,31,44476.00,
(infant_voc),"(mother-speech,","mo_smile, i_gaze_at)",0.111,31,44476.00,
"(m_gaze_at, infant_voc)","(mother-speech,","mo_smile, inf_smile)",0.111,26,25878.00,
"(m_gaze_at, infant_voc)","(mo_smile, inf_",smile),0.111,26,25878.00,
(i_gaze_at),"(mother-speech,","m_gaze_at, mo_smile, inf_smile)",0.111,194,238228.00,
(i_gaze_at),"(m_gaze_at, mo_","smile, inf_smile)",0.111,194,238228.00,
"(i_gaze_at, infant_voc)","(mother-speech,","mo_smile, inf_smile)",0.11,22,24704.00,
"(i_gaze_at, infant_voc)","(mo_smile, inf_",smile),0.11,22,24704.00,
"(mother-speech, m_gaze_at)","(mo_smile, i_ga","ze_at, inf_smile)",0.109,179,232655.00,
"(mother-speech, inf_smile)","(i_gaze_at, m_g",aze_at_object),0.109,91,122377.00,
"(mother-speech, m_gaze_away)","(mo_smile, i_ga",ze_at_object),0.109,3,8533.00,
(m_gaze_at),"(mother-speech,","mo_smile, i_gaze_at, inf_smile)",0.109,179,232655.00,
(m_gaze_at),"(mo_smile, i_ga","ze_at, inf_smile)",0.109,179,232655.00,
"(mo_smile, i_gaze_at, inf_smile)","(mother-speech,",infant_voc),0.109,54,35604.00,
"(mo_smile, i_gaze_at, inf_smile)",(infant_voc),,0.109,54,35604.00,
"(mother-speech, mo_smile, i_gaze_at, inf_smile)",(infant_voc),,0.109,54,35604.00,
(inf_smile),"(mother-speech,","i_gaze_at, m_gaze_at_object)",0.109,91,122377.00,
(inf_smile),"(i_gaze_at, m_g",aze_at_object),0.109,91,122377.00,
(i_gaze_away),"(mother-speech,","mo_smile, inf_smile)",0.108,18,58696.00,
(i_gaze_away),"(mo_smile, inf_",smile),0.108,18,58696.00,
"(mother-speech, i_gaze_away)","(mo_smile, inf_",smile),0.108,18,58696.00,
"(mother-speech, inf_smile, m_gaze_at_object)",(i_gaze_at_obje,ct),0.108,22,42949.00,
(i_gaze_at_object),"(mother-speech,","mo_smile, m_gaze_at_object)",0.108,68,95891.00,
(i_gaze_at_object),"(mo_smile, m_ga",ze_at_object),0.108,68,95891.00,
"(mother-speech, i_gaze_at_object)","(mo_smile, m_ga",ze_at_object),0.108,68,95891.00,
"(inf_smile, m_gaze_at_object)",(i_gaze_at_obje,ct),0.108,22,42949.00,
"(inf_smile, m_gaze_at_object)","(mother-speech,",i_gaze_at_object),0.108,22,42949.00,
"(mother-speech, i_gaze_at, infant_voc)","(m_gaze_at, mo_","smile, inf_smile)",0.107,25,23899.00,
"(i_gaze_at, infant_voc)","(mother-speech,","m_gaze_at, mo_smile, inf_smile)",0.107,25,23899.00,
"(i_gaze_at, infant_voc)","(m_gaze_at, mo_","smile, inf_smile)",0.107,25,23899.00,
"(mother-speech, inf_smile)",(infant_voc),,0.107,185,119515.00,
(inf_smile),(infant_voc),,0.106,185,119515.00,
(inf_smile),"(mother-speech,",infant_voc),0.106,185,119515.00,
(m_gaze_away),"(mother-speech,","mo_smile, i_gaze_at_object)",0.105,3,8533.00,
(m_gaze_away),"(mo_smile, i_ga",ze_at_object),0.105,3,8533.00,
"(mother-speech, infant_voc)","(i_gaze_at, inf",_smile),0.105,39,42095.00,
(infant_voc),"(mother-speech,","i_gaze_at, inf_smile)",0.105,39,42095.00,
(infant_voc),"(i_gaze_at, inf",_smile),0.105,39,42095.00,
"(mother-speech, mo_smile, i_gaze_away, m_gaze_at_object)",(inf_smile),,0.105,2,4633.00,
"(mo_smile, i_gaze_away, m_gaze_at_object)",(inf_smile),,0.105,2,4633.00,
"(mo_smile, i_gaze_away, m_gaze_at_object)","(mother-speech,",inf_smile),0.105,2,4633.00,
"(mother-speech, m_gaze_at, inf_smile)",(i_gaze_away),,0.105,40,65437.00,
"(m_gaze_at, inf_smile)","(mother-speech,",i_gaze_away),0.105,40,65437.00,
"(m_gaze_at, inf_smile)",(i_gaze_away),,0.105,40,65437.00,
(mother-speech),"(m_gaze_at, i_g","aze_at, inf_smile)",0.105,320,414231.00,
"(mother-speech, inf_smile, m_gaze_at_object)",(i_gaze_away),,0.105,18,41537.00,
"(inf_smile, m_gaze_at_object)","(mother-speech,",i_gaze_away),0.104,18,41537.00,
"(inf_smile, m_gaze_at_object)",(i_gaze_away),,0.104,18,41537.00,
"(m_gaze_at, mo_smile, i_gaze_at)",(infant_voc),,0.104,108,73767.00,
"(mother-speech, m_gaze_at, mo_smile, i_gaze_at)",(infant_voc),,0.104,107,73404.00,
"(m_gaze_at, mo_smile, inf_smile)","(mother-speech,",infant_voc),0.104,53,36649.00,
"(m_gaze_at, mo_smile, inf_smile)",(infant_voc),,0.104,53,36649.00,
"(mother-speech, m_gaze_at, mo_smile, inf_smile)",(infant_voc),,0.104,53,36649.00,
"(m_gaze_at, mo_smile, i_gaze_at)","(mother-speech,",infant_voc),0.104,107,73404.00,
"(i_gaze_at, inf_smile, m_gaze_at_object)",(mother-speech),,0.103,1,14904.00,
"(mother-speech, mo_smile)",(i_gaze_away),,0.102,57,154271.00,
"(mother-speech, infant_voc, m_gaze_at_object)",(i_gaze_at),,0.102,9,14803.00,
"(infant_voc, m_gaze_at_object)","(mother-speech,",i_gaze_at),0.102,9,14803.00,
"(infant_voc, m_gaze_at_object)",(i_gaze_at),,0.102,9,14803.00,
(mo_smile),(i_gaze_away),,0.102,57,154271.00,
(mo_smile),"(mother-speech,",i_gaze_away),0.102,57,154271.00,
"(mother-speech, i_gaze_at)",(infant_voc),,0.101,309,216007.00,
(i_gaze_at),(infant_voc),,0.101,311,216811.00,
(mother-speech),(infant_voc),,0.101,558,398926.00,
(i_gaze_at),"(mother-speech,",infant_voc),0.1,309,216007.00,
"(mother-speech, i_gaze_at, inf_smile)","(m_gaze_at, inf",ant_voc),0.1,80,58812.00,
"(i_gaze_at, inf_smile)","(mother-speech,","m_gaze_at, infant_voc)",0.1,80,58812.00,
"(i_gaze_at, inf_smile)","(m_gaze_at, inf",ant_voc),0.1,80,58812.00,
"(mother-speech, mo_smile)","(i_gaze_at, m_g",aze_at_object),0.1,145,150.87,
(m_gaze_at),(infant_voc),,0.1,320,213772.00,
"(mother-speech, m_gaze_at)",(infant_voc),,0.1,318,212968.00,
(mother-speech),"(inf_smile, m_g",aze_at_object),0.1,235,395539.00,
(mo_smile),"(mother-speech,","i_gaze_at, m_gaze_at_object)",0.1,145,150.87,
(mo_smile),"(i_gaze_at, m_g",aze_at_object),0.1,145,150.87,
(m_gaze_at),"(mother-speech,",infant_voc),0.1,318,212968.00,
"(m_gaze_at, mo_smile, inf_smile)","(mother-speech,",i_gaze_away),0.1,21,35137.00,
"(m_gaze_at, mo_smile, inf_smile)",(i_gaze_away),,0.1,21,35137.00,
"(mother-speech, m_gaze_at, mo_smile, inf_smile)",(i_gaze_away),,0.1,21,35137.00,